{
  "info": {
    "name": "User Management System API",
    "description": "Complete API collection for User Management System",
    "schema": "https://schema.getpostman.com/json/collection/v2.1.0/collection.json"
  },
  "item": [
    {
      "name": "Authentication",
      "item": [
        {
          "name": "Register User",
          "request": {
            "method": "POST",
            "header": [],
            "body": {
              "mode": "formdata",
              "formdata": [
                {
                  "key": "name",
                  "value": "John Doe",
                  "type": "text"
                },
                {
                  "key": "email",
                  "value": "john@example.com",
                  "type": "text"
                },
                {
                  "key": "phone",
                  "value": "1234567890",
                  "type": "text"
                },
                {
                  "key": "password",
                  "value": "password123",
                  "type": "text"
                },
                {
                  "key": "address",
                  "value": "123 Main St",
                  "type": "text"
                },
                {
                  "key": "state",
                  "value": "California",
                  "type": "text"
                },
                {
                  "key": "city",
                  "value": "Los Angeles",
                  "type": "text"
                },
                {
                  "key": "country",
                  "value": "USA",
                  "type": "text"
                },
                {
                  "key": "pincode",
                  "value": "12345",
                  "type": "text"
                },
                {
                  "key": "profile_image",
                  "type": "file",
                  "src": []
                }
              ]
            },
            "url": {
              "raw": "{{base_url}}/api/auth/register",
              "host": ["{{base_url}}"],
              "path": ["api", "auth", "register"]
            }
          }
        },
        {
          "name": "Login with Email",
          "request": {
            "method": "POST",
            "header": [
              {
                "key": "Content-Type",
                "value": "application/json"
              }
            ],
            "body": {
              "mode": "raw",
              "raw": "{\n  \"email\": \"admin@example.com\",\n  \"password\": \"password123\"\n}"
            },
            "url": {
              "raw": "{{base_url}}/api/auth/login",
              "host": ["{{base_url}}"],
              "path": ["api", "auth", "login"]
            }
          }
        },
        {
          "name": "Login with Phone",
          "request": {
            "method": "POST",
            "header": [
              {
                "key": "Content-Type",
                "value": "application/json"
              }
            ],
            "body": {
              "mode": "raw",
              "raw": "{\n  \"phone\": \"1234567890\",\n  \"password\": \"password123\"\n}"
            },
            "url": {
              "raw": "{{base_url}}/api/auth/login",
              "host": ["{{base_url}}"],
              "path": ["api", "auth", "login"]
            }
          }
        },
        {
          "name": "Refresh Token",
          "request": {
            "method": "POST",
            "header": [
              {
                "key": "Content-Type",
                "value": "application/json"
              }
            ],
            "body": {
              "mode": "raw",
              "raw": "{\n  \"refreshToken\": \"{{refresh_token}}\"\n}"
            },
            "url": {
              "raw": "{{base_url}}/api/auth/refresh",
              "host": ["{{base_url}}"],
              "path": ["api", "auth", "refresh"]
            }
          }
        },
        {
          "name": "Get Current User",
          "request": {
            "method": "GET",
            "header": [
              {
                "key": "Authorization",
                "value": "Bearer {{access_token}}",
                "type": "text"
              }
            ],
            "url": {
              "raw": "{{base_url}}/api/auth/me",
              "host": ["{{base_url}}"],
              "path": ["api", "auth", "me"]
            }
          }
        },
        {
          "name": "Logout",
          "request": {
            "method": "POST",
            "header": [
              {
                "key": "Authorization",
                "value": "Bearer {{access_token}}",
                "type": "text"
              }
            ],
            "url": {
              "raw": "{{base_url}}/api/auth/logout",
              "host": ["{{base_url}}"],
              "path": ["api", "auth", "logout"]
            }
          }
        }
      ]
    },
    {
      "name": "Users (Admin Only)",
      "item": [
        {
          "name": "Get All Users",
          "request": {
            "method": "GET",
            "header": [
              {
                "key": "Authorization",
                "value": "Bearer {{access_token}}",
                "type": "text"
              }
            ],
            "url": {
              "raw": "{{base_url}}/api/users?page=1&limit=10&sort=createdAt&order=desc",
              "host": ["{{base_url}}"],
              "path": ["api", "users"],
              "query": [
                {
                  "key": "page",
                  "value": "1"
                },
                {
                  "key": "limit",
                  "value": "10"
                },
                {
                  "key": "sort",
                  "value": "createdAt"
                },
                {
                  "key": "order",
                  "value": "desc"
                },
                {
                  "key": "search",
                  "value": "",
                  "disabled": true
                },
                {
                  "key": "state",
                  "value": "",
                  "disabled": true
                },
                {
                  "key": "city",
                  "value": "",
                  "disabled": true
                }
              ]
            }
          }
        },
        {
          "name": "Get User by ID",
          "request": {
            "method": "GET",
            "header": [
              {
                "key": "Authorization",
                "value": "Bearer {{access_token}}",
                "type": "text"
              }
            ],
            "url": {
              "raw": "{{base_url}}/api/users/:id",
              "host": ["{{base_url}}"],
              "path": ["api", "users", ":id"],
              "variable": [
                {
                  "key": "id",
                  "value": "USER_ID_HERE"
                }
              ]
            }
          }
        },
        {
          "name": "Update User",
          "request": {
            "method": "PUT",
            "header": [],
            "body": {
              "mode": "formdata",
              "formdata": [
                {
                  "key": "name",
                  "value": "John Doe Updated",
                  "type": "text"
                },
                {
                  "key": "email",
                  "value": "john.updated@example.com",
                  "type": "text"
                },
                {
                  "key": "phone",
                  "value": "1234567890",
                  "type": "text"
                },
                {
                  "key": "state",
                  "value": "California",
                  "type": "text"
                },
                {
                  "key": "city",
                  "value": "San Francisco",
                  "type": "text"
                },
                {
                  "key": "country",
                  "value": "USA",
                  "type": "text"
                },
                {
                  "key": "pincode",
                  "value": "12345",
                  "type": "text"
                },
                {
                  "key": "profile_image",
                  "type": "file",
                  "src": []
                }
              ]
            },
            "url": {
              "raw": "{{base_url}}/api/users/:id",
              "host": ["{{base_url}}"],
              "path": ["api", "users", ":id"],
              "variable": [
                {
                  "key": "id",
                  "value": "USER_ID_HERE"
                }
              ]
            },
            "header": [
              {
                "key": "Authorization",
                "value": "Bearer {{access_token}}",
                "type": "text"
              }
            ]
          }
        },
        {
          "name": "Delete User",
          "request": {
            "method": "DELETE",
            "header": [
              {
                "key": "Authorization",
                "value": "Bearer {{access_token}}",
                "type": "text"
              }
            ],
            "url": {
              "raw": "{{base_url}}/api/users/:id",
              "host": ["{{base_url}}"],
              "path": ["api", "users", ":id"],
              "variable": [
                {
                  "key": "id",
                  "value": "USER_ID_HERE"
                }
              ]
            }
          }
        }
      ]
    }
  ],
  "variable": [
    {
      "key": "base_url",
      "value": "http://localhost:5000",
      "type": "string"
    },
    {
      "key": "access_token",
      "value": "",
      "type": "string"
    },
    {
      "key": "refresh_token",
      "value": "",
      "type": "string"
    }
  ]
}

